product_id,product_name,brand_name,cost_price,selling_price,category,expiry_date
100,Hollie,Millda,129,225,keRO a,2004-01-12
101,Nannie,Ingra,900,67,LdQ,1954-06-13
102,Emmey,Dulciana,787,590,DEXdw,1973-04-02
103,Deirdre,Hanleigh,188,541,Hhb,1936-09-16
104,Gaylene,Arathorn,286,452,mBttoYKJ,1994-12-15
105,Harmonia,Hamil,548,540,PDsf,1906-11-24
106,Anestassia,Demitria,742,293,poU,2010-04-10
107,Neila,Klemperer,684,216,FMxRML,2010-02-23
108,Steffane,Roscoe,551,915,TRd,1986-07-03
109,Chloris,Hebner,512,16,jlDqE,2005-05-24