product_id,product_name,brand_name,cost_price,selling_price,category,expiry_date
100,Berget,Hirsch,445,479,JVWeRDbK,1965-04-13
101,Adore,Santoro,655,628,UVM,1955-02-04
102,Dari,Belanger,768,298,d oVZ,1949-03-26
103,Sarette,Cassius,509,931,HxaG,1924-07-28
104,Orsola,Lamoree,844,442,kYv,1986-02-12
105,Cecile,Zaslow,316,63,ST,2001-05-26
106,Shell,Eliathas,760,269,VksdTkz,1960-12-26
107,Latisha,Blake,668,898,icEl,1947-03-06
108,Pierette,Cecile,580,940,OQsGVuz,1930-02-21
109,Nessie,Faro,808,402,vFXcTN,1902-09-18