product_id,product_name,brand_name,cost_price,selling_price,category,expiry_date
100,Kimberley,Hailee,108,816,LZaeknx,2011-07-05
101,Randa,Cressida,699,993,ef EGc,1949-06-30
102,Rozele,Markman,997,194,FHJZ,2009-10-01
103,Rosene,Strephon,166,697,QiFOyKm,1995-08-30
104,Clo,Israeli,744,730,dS,1907-08-11
105,Riannon,Fillbert,213,69,HvMaRT,1986-04-26
106,Latisha,Bonilla,224,952,swKZNJM,1935-01-20
107,Sabina,Manolo,243,688,ciRbteUb,1929-05-16
108,Lexine,Ammann,308,265," pcEIUfp",1994-09-09
109,Hyacinthe,Delila,768,384,LAn,2007-08-20