product_id,product_name,brand_name,cost_price,selling_price,category,expiry_date
100,Dode,Forrer,927,444,iqtmAH,1997-04-19
101,Lucy,Liva,585,39,tcvJ,1933-07-21
102,Dominga,Lareena,103,555,yR axy,1938-09-09
103,Nelle,Raffo,859,514,PevSpV,1925-11-29
104,Correy,Poll,390,977,lI,1951-03-09
105,Lila,Jillane,935,216,JCEqfeUE,1958-08-10
106,Elora,Silvan,567,824,lntqlyA,1985-05-06
107,Mignon,Kare,48,770,jLn,1936-03-30
108,Lonnie,Christine,121,754,JUAWy,1974-02-08
109,Meghann,Tomasina,361,844,"p ",1939-05-05